city,name,birthdate,state,date_hired,department,id
Cindyberg,Arnold Daniel,2/7/2010,Nebraska,9/21/2012,accusantium,nobis,sunt,0
East Celiachester,Addie Heidenreich,4/2/1986,Pennsylvania,1/2/2010,incidunt,maiores,aut,1
Skilesport,Ms. Veda Bogan,5/13/2012,North Dakota,5/22/2007,voluptates,natus,veritatis,2
South Sibyl,Janelle Bauch,4/20/1983,Colorado,3/18/2003,earum,quia,id,3
Larkinchester,Malvina Nader,5/25/2015,Alabama,7/12/1996,suscipit,error,ab,4
Krajcikburgh,Breanne Leffler,8/22/2006,Indiana,12/15/2002,corporis,modi,et,5
West Ahmed,Darrion Abbott,9/21/1993,Alaska,3/27/1997,atque,aspernatur,voluptatem,6
Auerfort,Ellen Herman,7/4/2012,South Dakota,8/24/1980,vitae,accusantium,rerum,7
Myrtiestad,Al Johnston,8/12/2008,Montana,4/16/1996,est,ut,praesentium,8
West Willfort,Mittie Zboncak,9/8/2001,Arizona,4/5/2004,magni,eligendi,ut,9
Cartwrightmouth,Camilla O'Kon,11/20/1990,Ohio,7/15/2014,est,sit,quis,10
North Chris,Olga Kihn,1/6/1991,South Dakota,6/20/1986,praesentium,assumenda,non,11
Aufderharton,Leone Schultz,1/16/1998,Hawaii,7/1/1985,accusantium,quaerat,tenetur,12
East Serenitybury,Javonte Mertz,10/27/2000,Louisiana,6/27/1999,rerum,dolores,soluta,13
Leannonfort,Jack Schmeler,12/14/1999,Pennsylvania,12/11/2000,quidem,maiores,ea,14
Wehnerfurt,Stephany O'Connell,9/29/2003,Nevada,10/26/2003,illo,sint,soluta,15
South Modestaberg,Mrs. Karina Wilderman,11/9/1992,Connecticut,2/16/1991,aperiam,illo,unde,16
Hirtheton,Olga Cartwright,9/7/2011,Rhode Island,7/13/1982,inventore,unde,repellat,17
West Alstad,Ryley Schulist,4/29/1994,Virginia,5/29/1994,nulla,non,explicabo,18
East Wanda,Felicita Gerhold,4/25/2000,Idaho,5/2/1981,at,sunt,consequuntur,19
Jennyferland,Dana Schiller,12/31/1990,Colorado,9/29/2008,qui,officiis,natus,20
Onatown,Ms. Julio Barton,10/21/1986,North Carolina,11/18/1980,cumque,reprehenderit,repellendus,21
North Maeganview,Hilbert Nikolaus,9/23/2008,Georgia,2/28/1981,dolor,reiciendis,quia,22
Angelafurt,Savanah Denesik,1/1/1981,Arizona,2/16/1995,omnis,sapiente,eveniet,23
Turnerfort,Jonathon Swift,9/1/2006,Tennessee,12/31/1984,consequatur,et,velit,24
Port Ezekielfort,Matt Toy,10/5/1995,Idaho,3/30/1991,aut,quisquam,rerum,25
Edaborough,Kaylie Ryan,10/31/1992,Delaware,9/24/2003,consequatur,alias,dolorem,26
East Maryamland,Alaina Quigley,12/6/2012,Wyoming,12/7/2014,similique,aut,odit,27
Merlstad,Elmira Ondricka,12/30/2007,Kentucky,7/4/2010,et,sit,praesentium,28
East Aminafurt,Angela Weimann,9/27/1989,Texas,3/29/1980,inventore,aut,quidem,29
Ornside,Haskell Romaguera,10/20/1993,Colorado,12/17/1987,et,voluptatum,eos,30
Faheyton,Dr. Madyson Buckridge,3/25/1984,North Dakota,4/27/1986,enim,quia,sint,31
North Jena,Isabell D'Amore,6/21/1985,Vermont,5/19/2009,doloribus,laboriosam,assumenda,32
Destineefort,Leon Nicolas,1/20/1981,Pennsylvania,6/24/1986,veniam,enim,non,33
Port Mikel,Modesto Zieme,9/15/1982,Arkansas,3/14/2013,neque,ea,eveniet,34
Alejandraland,Giovanna Kozey,8/14/1989,Ohio,7/8/1993,cupiditate,quo,a,35
Bechtelarbury,Yvonne Grant PhD,6/29/2014,Colorado,2/25/2011,vel,neque,aut,36
Feestberg,Alfred Price,6/4/1992,Indiana,12/17/1993,est,amet,quisquam,37
Litzyport,Garrison Huels,11/5/1988,California,9/26/1990,ut,eum,saepe,38
Franztown,Abbie Hoppe,6/28/1980,Minnesota,7/2/2011,soluta,qui,minus,39
Lucileside,Hyman Becker,4/3/1987,Tennessee,3/7/2003,nisi,velit,quia,40
North Gregorio,Jimmy Hodkiewicz,5/29/1980,Alaska,4/26/1998,vero,suscipit,in,41
Lake Kaceyburgh,Judy Gusikowski II,3/10/1996,Alabama,3/10/1983,in,doloribus,ipsam,42
New Alenefort,Jarrell Orn,10/7/1986,Washington,4/4/2008,aut,provident,architecto,43
Dibbertside,Mr. Virgil Bahringer,9/7/1991,Maine,3/9/1991,ut,soluta,est,44
Lake Wernermouth,Virginie Auer,11/8/1998,Montana,5/8/1982,quia,ad,sit,45
Willmshaven,Jacklyn Hilpert,9/30/1988,New York,8/27/2011,sed,aut,ullam,46
Wisozkmouth,Jena Ernser,12/6/1987,Montana,7/2/1999,minus,vel,commodi,47
Brookeberg,Filiberto Paucek IV,2/29/2012,Missouri,7/7/1982,dicta,aut,inventore,48
Isaiasfurt,Demetris Johns PhD,5/5/1996,New Mexico,5/11/2003,est,ex,voluptas,49
Melvinville,Jesse Bauch IV,1/3/1988,Maine,1/26/2002,ut,sed,alias,50
Caseyton,Clinton Klocko,1/21/1991,Iowa,4/17/1991,eaque,totam,expedita,51
Port Lew,Bettie Haag,2/20/1991,Minnesota,1/5/1981,officiis,voluptatem,sit,52
Cornellfurt,Daniella Mraz,11/16/2014,Iowa,5/6/2010,qui,blanditiis,repellat,53
Aylinfort,Kirstin Bednar III,9/5/1999,Massachusetts,9/15/1993,ea,animi,esse,54
Lake Gaetano,George Schumm,4/4/2009,Vermont,7/4/1995,qui,corrupti,ad,55
West Maziestad,Abby Feest,11/28/2010,Louisiana,7/20/2015,repellendus,quo,tempora,56
Francescomouth,Mrs. Kaitlin Gerhold,12/18/2000,South Carolina,6/13/1994,aut,et,accusamus,57
Lake Wainoside,Genoveva Bailey,1/24/2011,New Jersey,8/22/2012,illum,blanditiis,magni,58
Port Hubertfort,Lucas Parisian,12/4/1983,Alabama,1/14/1988,quia,magnam,ratione,59
Yosthaven,Patsy Parisian IV,5/25/2009,Tennessee,6/3/1987,consequatur,modi,aut,60
Fadelville,Ms. Jamison Stokes,1/11/2012,Vermont,2/12/1980,voluptas,dolores,ea,61
South Jerometon,Gene Gerhold,6/24/1997,West Virginia,10/17/2008,sit,sit,molestiae,62
Mireilleview,Dr. Evans Bernhard,9/3/1981,North Dakota,2/1/1986,ut,dolorem,atque,63
South Norbertomouth,Mark Bradtke,6/3/1982,Michigan,12/23/2001,rerum,iste,dolores,64
Reynoldsshire,Kristian Thompson,1/14/1989,Michigan,11/27/1997,molestiae,veniam,enim,65
Prosaccostad,Dr. Dena Cummerata,4/2/1980,Kansas,6/14/2012,non,est,voluptas,66
Cotyburgh,Emmalee Schamberger,10/31/2015,West Virginia,12/1/2014,blanditiis,aperiam,tenetur,67
Port Amyfort,Felton Prohaska,11/20/1981,Alaska,7/30/1987,magni,illum,sequi,68
Port Sean,Cleo Romaguera,5/2/1993,Delaware,5/20/1992,et,fugiat,qui,69
Goyetteside,Orion Orn,3/3/1982,California,3/4/1998,quaerat,ea,molestiae,70
Port Michealfort,Ezequiel Braun,4/27/1986,New York,12/31/1996,alias,aut,distinctio,71
Roobstad,Toy Cronin,5/12/2009,Nebraska,12/1/1997,ut,qui,et,72
Lucasbury,Matilda Greenfelder,10/12/2003,Vermont,12/26/1985,eligendi,doloribus,quidem,73
Lake Rogers,Leonard Witting,7/6/2008,Oklahoma,2/16/1989,rerum,quod,accusamus,74
South Robbie,Anabel Corkery,5/16/1998,Oklahoma,10/2/2002,animi,fugit,rem,75
Nikolausland,Esther Kohler V,2/9/1990,Washington,5/17/2014,doloribus,aut,in,76
Port Alyssontown,Nicolas Harris,11/3/1999,New Mexico,6/8/2009,aliquam,consequatur,nisi,77
Bergeborough,Lelia Littel,4/7/2005,Michigan,10/7/1982,quia,rerum,dolorum,78
Hegmannchester,Miss Joanny Heidenreich,5/28/1997,New Hampshire,11/25/1997,voluptates,tempore,pariatur,79
West Erica,Ramona Leffler,10/8/2006,California,1/23/2004,dicta,quae,ut,80
Port Edgardoberg,Sydney Schroeder,6/19/1990,West Virginia,9/21/1982,eveniet,neque,itaque,81
Port Hermanntown,Brant Waters,10/26/1987,Indiana,9/30/2013,id,sunt,accusantium,82
Feestmouth,Freddie Kessler,9/7/1992,Virginia,3/20/1981,dolorem,magni,omnis,83
Lebsackfort,Dr. Mireille Oberbrunner,7/2/2012,Tennessee,12/29/1980,consectetur,debitis,esse,84
Toyfurt,Curtis Homenick,8/26/1985,West Virginia,5/25/2000,ea,in,et,85
Clementstad,Daphne O'Reilly,6/30/2003,New Mexico,5/14/1991,non,dolorem,sed,86
Jennyferstad,Willie Fay,11/8/1982,Missouri,2/4/1996,non,cumque,aut,87
West Alphonso,Ms. Clemmie Blick,11/21/1987,Connecticut,5/30/1989,blanditiis,perspiciatis,eaque,88
New Melyssamouth,Kadin Lubowitz,11/17/2010,North Dakota,12/7/2001,est,ut,labore,89
West Sterlingmouth,Myra Von Sr.,6/15/1988,Utah,11/7/2007,quo,laudantium,aut,90
Cartwrightton,Ezekiel Carroll,7/7/2011,Washington,7/11/2013,nisi,laudantium,autem,91
New Brandohaven,Cecelia Osinski,12/26/2006,Missouri,10/17/1984,libero,facilis,maxime,92
South Lavernfort,Mr. Zack Wolf,6/30/1992,Mississippi,10/10/2009,corrupti,et,aut,93
New Aniyahaven,Skylar Ankunding,5/28/1987,North Carolina,10/18/1999,aut,optio,accusamus,94
North Lolita,Kimberly Shields,12/13/1997,South Dakota,11/17/2010,nemo,in,fugiat,95
Kundeborough,Zachary McDermott,5/24/1994,Kansas,5/25/1981,corrupti,totam,fugit,96
South Lelah,Madelyn Windler II,10/30/2014,Nebraska,2/21/2016,qui,magnam,voluptatem,97
Zulaufview,Cary Berge,11/21/1985,Indiana,12/27/1996,nulla,commodi,placeat,98
Hershelfurt,Karli Leannon DDS,9/12/1989,Colorado,10/11/2011,voluptatem,reprehenderit,aliquid,99
Quitzonville,Levi Mann,4/23/2004,Michigan,9/29/1987,quo,rerum,sequi,100
Osinskiville,Savion Predovic,10/26/2004,Georgia,3/31/1987,ipsam,enim,exercitationem,101
West Loraine,Rollin Goyette,5/17/2013,North Carolina,2/1/1993,dignissimos,velit,at,102
East Albinville,Alfredo Collins,1/5/1998,Michigan,8/1/2015,vel,quas,expedita,103
Hoegerbury,Osvaldo Bartoletti,4/16/1983,Alabama,1/4/1991,ut,aut,dolorum,104
West Juanitafort,Ethel Mann,10/30/2015,New Mexico,4/27/1993,possimus,quam,pariatur,105
Rowemouth,Lisandro Kiehn,9/4/2005,North Carolina,7/16/2009,ut,voluptas,fuga,106
East Markushaven,Henderson Abbott,2/7/1989,Alaska,9/1/1998,repudiandae,quasi,qui,107
Lake Hillardchester,Murray Carroll,10/29/2006,Minnesota,1/30/2008,blanditiis,fugit,totam,108
Junefort,Hipolito Harris,5/15/1989,Montana,11/11/1983,est,molestias,eum,109
Gildamouth,Grace Legros,12/13/1991,New Hampshire,3/6/1989,et,adipisci,amet,110
Port Chaddside,Robert Zboncak,7/28/1982,North Carolina,12/27/1983,facilis,aspernatur,accusamus,111
East Kadin,Joe Reilly,6/27/1993,Florida,4/17/1996,minima,officia,earum,112
Emanuelport,Twila O'Hara IV,9/19/1996,New Mexico,11/5/2006,iusto,hic,ratione,113
North Junior,Mariane Deckow,12/31/1999,North Dakota,7/7/2010,nobis,ea,rerum,114
North Lennie,Dario Little,7/14/1993,Illinois,3/9/2013,recusandae,mollitia,ipsa,115
Haskellfurt,Wilma DuBuque,9/17/1987,Alabama,6/2/2005,reiciendis,sint,sunt,116
South Cyril,Marcos Borer DVM,6/8/1983,Hawaii,6/5/1994,amet,eaque,qui,117
East Reedfort,Bernita Feil,9/17/1988,Wisconsin,9/27/1996,est,sit,nam,118
Parisianville,Dane Hilpert,11/16/1989,Colorado,5/30/1990,sit,eligendi,ducimus,119
South Dollychester,Coralie Hessel,10/12/2002,Minnesota,3/18/1984,architecto,dolorum,corporis,120
South Orpha,Chelsey Lindgren DVM,9/23/1988,Nebraska,11/6/2013,ullam,non,minima,121
Dickenston,Ayden Schimmel,9/26/1993,Washington,11/21/2011,et,aliquam,et,122
Lake Maxineburgh,Callie Schinner,8/29/2013,Oregon,7/28/2009,sunt,est,sunt,123
Annabelshire,Kane Gorczany,3/30/2003,Kentucky,12/11/2013,ut,non,qui,124
Cruickshankside,Vida Hayes,10/14/2015,Texas,4/20/2003,consectetur,ut,aut,125
South Halle,Ruby Goodwin,10/6/1984,Oregon,9/13/1985,enim,odit,non,126
Micahborough,Ms. Berneice Balistreri,1/30/2016,South Carolina,11/25/2006,cum,ab,provident,127
Prosaccoborough,Lia Homenick,4/22/2011,Massachusetts,6/13/1992,exercitationem,sit,accusantium,128
Haskellberg,Julius Rogahn,4/28/1984,Illinois,11/24/2007,in,sit,animi,129
Alessandrabury,Denis Rowe,1/14/2001,New York,4/12/2001,rerum,enim,similique,130
Beierport,Francisco Nicolas,6/7/1983,Nevada,5/22/1988,voluptates,exercitationem,et,131
East Leda,Euna VonRueden,2/17/1986,Louisiana,7/24/2015,qui,voluptatem,eveniet,132
Boydfurt,Mrs. Oren Hand,10/9/2003,Mississippi,1/8/1984,nihil,quia,vitae,133
Guªannview,Meagan Rosenbaum,11/7/1980,New Jersey,9/15/2013,odio,perferendis,ratione,134
North Zaria,Margot Jacobson,12/25/2007,Michigan,3/8/1995,voluptate,quia,vero,135
Trompville,Vada Thiel,8/19/2015,Mississippi,6/1/1993,numquam,ullam,itaque,136
North Gia,Landen Gaylord,2/8/1991,Utah,7/30/2007,ullam,enim,aut,137
Volkmanland,Dr. Cristobal Block,5/11/1994,North Dakota,12/31/2000,sunt,dolorem,ex,138
South Alena,Zetta Fahey,4/20/1981,Maryland,6/24/2005,consequatur,velit,qui,139
Lake Garrison,Madeline Kirlin Sr.,6/21/2004,West Virginia,1/9/1989,sunt,est,est,140
Hoegerland,Justina Harris,2/24/1994,New Hampshire,7/6/1992,deserunt,et,dolores,141
Port Armandohaven,Manuela Pouros,11/24/1991,Wisconsin,10/24/1989,in,sit,est,142
Lake Patienceshire,Randal Turcotte Jr.,12/5/1986,West Virginia,12/31/1980,expedita,voluptas,sed,143
South Samantabury,Shaun Herman,10/15/1986,Arkansas,10/20/1995,quia,pariatur,iste,144
Kuhicview,Kevin McGlynn,2/17/1987,Tennessee,8/4/2007,soluta,a,ea,145
Beckerland,Kelsi Jewess,4/3/2005,Idaho,9/28/1985,possimus,eius,illo,146
Port Brandonland,Reilly Morissette,8/9/1983,Wyoming,9/10/1999,atque,quaerat,qui,147
West Oralville,Clemmie Murray,4/22/2009,New York,3/27/2006,nostrum,officiis,nihil,148
Xandermouth,Rosalind Luettgen III,7/5/2014,Maine,9/11/2010,impedit,consequatur,fuga,149
New Ned,Lawson Morar,6/5/2002,Delaware,9/7/1984,cum,commodi,eum,150
Dawsonside,Dr. Leonel Senger,9/13/2014,New Hampshire,10/12/1996,architecto,voluptatum,natus,151
O'Keefehaven,Duncan Thompson IV,3/29/2007,Ohio,10/14/2012,beatae,quisquam,eius,152
New Mossie,Clare Dickinson,1/19/2001,Connecticut,10/8/2008,nihil,nesciunt,iusto,153
Lake Celinehaven,Lacy Harªann DDS,2/28/1986,Illinois,7/10/1999,exercitationem,minima,saepe,154
Destinstad,Carlie Weissnat,8/28/1993,Illinois,10/31/2012,sint,veritatis,quisquam,155
Tremblaymouth,Johnson Schoen,1/20/2004,Missouri,1/30/2016,voluptatem,odio,cum,156
West Lucienne,Uriel Lind,4/12/1991,Illinois,9/6/1997,perferendis,expedita,delectus,157
Port Reannaland,Tyrel Mante,7/1/1985,Iowa,5/1/1981,autem,nihil,pariatur,158
Schoenbury,Dr. Candida Conn,11/11/1991,Utah,2/15/2009,corporis,laboriosam,qui,159
North Heather,Paolo Corkery,2/7/2009,Tennessee,9/26/1995,earum,magni,aut,160
South Otiston,Sedrick Mante,5/25/2014,North Carolina,7/3/1997,fugiat,et,provident,161
West Angela,Oliver Ritchie,7/29/2007,North Dakota,4/27/2013,adipisci,dolorem,magni,162
Jamaalland,Kyle Connelly,12/9/1997,Virginia,4/22/2015,consequuntur,placeat,provident,163
New Teresa,Mr. Victoria Donnelly,7/23/1993,Virginia,11/29/2006,aut,odit,voluptatem,164
Koelpinside,Mrs. Triston Reinger,11/25/1999,South Dakota,12/13/1998,a,voluptas,porro,165
Gottliebburgh,Florencio Lehner,8/17/1980,New Jersey,10/27/1999,accusantium,itaque,distinctio,166
Port Bethel,Maxie Kuhic,1/30/1998,South Dakota,8/8/2000,aut,voluptatem,dolor,167
Schulistbury,Aron Kovacek PhD,8/8/2014,West Virginia,7/20/2015,est,omnis,non,168
Kochland,Delpha Orn,12/2/2012,Minnesota,6/8/1985,voluptatum,est,veniam,169
North Nicofurt,Vivianne Weber,10/18/2007,Wyoming,1/31/1990,nulla,rerum,est,170
New Alfredo,Annabel Nienow,12/10/2004,Mississippi,4/9/2000,sint,omnis,sed,171
West Augustchester,Mrs. Piper Bednar,7/5/1997,Tennessee,12/4/1996,consequuntur,ut,corporis,172
Keelingside,Katharina Hahn,7/9/2004,West Virginia,5/14/1989,qui,porro,consequatur,173
Muellerborough,Mr. Delbert Beahan,10/18/1988,Idaho,9/14/2015,et,magnam,voluptas,174
South Sage,Logan Adams,7/19/1983,Washington,5/27/1995,facilis,fugiat,et,175
New Leoniefurt,Roderick Yundt,11/25/1995,West Virginia,5/24/1994,illum,sunt,odit,176
Dejaview,Mrs. Ralph Marks,6/17/2005,Kentucky,8/1/1988,suscipit,voluptate,aspernatur,177
Bogisichmouth,Maci Gusikowski,2/15/1992,South Dakota,1/21/2002,odit,veritatis,fuga,178
O'Keefefurt,Tianna Lakin,2/12/2007,Louisiana,10/10/1986,adipisci,pariatur,accusamus,179
Lake Sasha,Ms. Gilberto Padberg,2/16/2006,Rhode Island,6/17/1985,et,blanditiis,hic,180
Tellymouth,Jodie Doyle,9/10/1987,Florida,6/18/1980,eius,eum,dicta,181
South Heber,Violet Batz II,10/19/2004,New York,11/7/1999,et,sint,sed,182
Treutelbury,Yvette Greenholt,11/5/1993,North Carolina,7/3/1986,eveniet,fugit,maiores,183
Beierview,Rita West,7/19/2008,New Mexico,5/26/1991,asperiores,eos,suscipit,184
West Maude,Miss Carolanne Wintheiser,12/19/2010,Wyoming,7/12/2012,similique,vel,totam,185
New Emiliano,Bridie Olson Sr.,11/7/1987,Colorado,3/21/1986,sint,consequuntur,velit,186
Wildermanhaven,Carlie Goyette,5/9/1981,New Mexico,12/2/2014,necessitatibus,et,non,187
North Lavernafurt,Irwin Stiedemann,7/24/2007,New Jersey,10/5/1990,molestiae,cumque,odit,188
Santosshire,Arielle Friesen,1/24/1999,Vermont,10/19/1990,aperiam,eveniet,quos,189
East Wilma,Ms. Braxton Shanahan,10/14/2010,Tennessee,9/25/1990,rerum,aut,et,190
New Jammie,Mr. Elyssa McKenzie,6/11/1983,Oregon,9/27/2013,assumenda,qui,harum,191
Stromanton,Piper Stehr,2/3/1983,South Dakota,3/14/2009,alias,in,qui,192
Myastad,Mr. Tyler Grant,10/18/1986,Pennsylvania,4/4/1984,possimus,voluptas,expedita,193
Lake Cleostad,Barney Jerde,11/24/2000,New York,8/28/1987,ducimus,reiciendis,et,194
Stantonton,Lauryn VonRueden PhD,11/13/1996,South Carolina,3/1/2004,dolor,repellendus,excepturi,195
Nicoberg,Joany Kessler,3/27/2002,Tennessee,8/20/2000,architecto,nihil,voluptate,196
Homenickside,Alanna Simonis,12/7/2015,Florida,9/27/2015,in,inventore,doloremque,197
Kundefort,Ms. Sharon Anderson,1/10/2016,Virginia,10/27/1980,dolor,animi,rerum,198
Port Nedra,Dayne Romaguera Jr.,10/6/1990,Wyoming,6/4/1987,nam,quasi,dolorum,199
Demondmouth,Maxie Bailey,12/24/1986,South Carolina,10/18/2010,rem,in,tempore,200
Ahmadport,Abner Waters,12/16/2011,Pennsylvania,8/30/2013,quis,voluptas,eum,201
New Olaffurt,Harley Gerhold,3/16/1989,California,4/29/2014,et,ut,ea,202
North Estelle,Darren Lueilwitz MD,2/17/2012,Hawaii,4/24/2011,esse,quas,aut,203
North Ernestine,Felicia Abernathy,4/30/2006,South Dakota,1/1/2011,in,harum,suscipit,204
North Harveychester,Sarai Schuppe,11/4/1992,New Jersey,7/26/2009,ea,sequi,voluptatem,205
North Carissa,Frederick Conn,3/29/2007,South Dakota,3/17/2014,itaque,sit,earum,206
New Loramouth,Berry Bernhard I,5/10/1990,New Mexico,4/23/2011,eum,sed,quisquam,207
Lavernehaven,Lynn Kulas,5/2/2002,New Jersey,7/17/1997,culpa,voluptatem,cumque,208
Theresebury,Granville Purdy,2/23/1991,Delaware,1/21/2006,ea,consectetur,maxime,209
Eloyview,Sheridan Runolfsson,6/2/1982,Oklahoma,6/17/1997,et,quo,vel,210
East Arnulfofurt,Letha Kessler,2/12/1984,Wisconsin,12/15/1993,voluptates,eos,cumque,211
Ibrahimland,Destini Cremin,7/30/1991,South Dakota,11/5/1984,corporis,impedit,molestiae,212
Bethelland,Kailee Von II,5/4/1997,Florida,9/1/1990,harum,facilis,aut,213
Wilkinsonview,Virginie Mosciski,7/30/2010,New York,1/7/1994,esse,aspernatur,at,214
Yundtstad,Charley Kris,1/29/2000,Wisconsin,9/6/1980,quisquam,saepe,unde,215
East Dangelomouth,Lorenza Cruickshank,4/11/2005,Tennessee,7/27/1986,similique,tempore,sint,216
Sawaynstad,Marcelino Kling,3/15/2008,Idaho,12/27/2014,aperiam,repellendus,molestiae,217
Runolfsdottirtown,Myra Moen,9/28/1983,Louisiana,4/18/1997,veritatis,excepturi,non,218
North Pearline,Harmony Anderson,9/7/1988,Mississippi,2/16/1993,nesciunt,sequi,nobis,219
Jacobiburgh,Mrs. Fay Swift,4/8/1981,Washington,3/7/2012,id,accusamus,temporibus,220
Kuphalstad,Hoyt Howell,4/15/1986,Rhode Island,3/30/1990,commodi,aspernatur,amet,221
Kertzmannton,Aylin Monahan,10/8/1992,Massachusetts,7/28/2013,aliquid,error,vitae,222
North Talonton,Maxwell Heidenreich,8/29/1991,Minnesota,11/30/2005,quaerat,a,necessitatibus,223
Alycestad,Letha Lynch,6/19/1984,New Mexico,6/7/1995,aut,laboriosam,ut,224
New Shanna,Antwan Wisozk,3/7/1993,Nebraska,11/22/1995,voluptas,sit,quia,225
New Vivian,Elwin Bernier,6/16/1991,Ohio,9/17/2003,nam,voluptate,consequatur,226
South Woodrowport,Jaylon Lebsack,4/17/2015,Utah,1/30/2007,ut,ea,facilis,227
Sauerville,Owen Eichmann,11/4/2005,Georgia,9/20/2012,saepe,voluptas,soluta,228
New Burnice,Rigoberto Collier,1/10/1995,New York,12/24/1986,repellat,rerum,numquam,229
Davishaven,Leta Osinski,6/23/1996,Louisiana,1/27/2007,veniam,aspernatur,optio,230
New Aracelymouth,Roy Altenwerth,10/4/2002,Wyoming,11/27/1983,totam,rerum,minus,231
Christopherberg,Mr. Marcelo Haag,5/18/2001,Colorado,7/23/2007,omnis,facere,ut,232
South Mosesmouth,Mrs. Lila Spencer,7/8/2010,Kentucky,6/25/1983,enim,rerum,praesentium,233
Hintzchester,Stacey Roberts,1/4/1986,Kansas,7/11/1980,in,est,illo,234
Durganstad,Filiberto Buckridge,5/10/2011,Wisconsin,2/18/2007,dolore,deserunt,rerum,235
Harªannville,Gaetano Rosenbaum,4/24/1985,South Dakota,10/27/1992,consequuntur,et,aut,236
Port Enos,Georgiana Mitchell,9/14/2004,New Hampshire,3/4/1999,ipsum,non,optio,237
East Teagan,Gerhard White,6/5/2004,Wisconsin,8/2/1981,sapiente,doloremque,aut,238
Nikolausburgh,Kelvin Thiel IV,4/17/2012,North Dakota,6/22/1985,optio,nihil,exercitationem,239
Rosenbaumshire,Nona King,2/12/2003,Indiana,12/10/2014,aspernatur,perferendis,doloremque,240
North Dagmar,Isabelle Bahringer,2/17/2008,Connecticut,7/25/2000,asperiores,doloribus,iste,241
Volkmanshire,Amelie Dicki,1/19/2005,Wisconsin,7/1/2005,placeat,et,vel,242
North Myrna,Devon Turcotte III,6/4/1997,North Carolina,1/11/1996,id,illo,voluptatem,243
West Bertrand,River Skiles,12/2/1991,Pennsylvania,7/13/1984,nesciunt,voluptatem,saepe,244
South Sarahchester,Leila Heathcote DVM,5/30/1988,South Carolina,7/17/2011,est,vitae,molestias,245
Sandyburgh,Dr. Gerard Labadie,12/30/1999,South Carolina,6/6/1983,molestiae,nobis,itaque,246
New Kaleb,Hailie Morar Sr.,2/1/2003,South Dakota,4/11/1982,aut,itaque,voluptatem,247
West Nicole,Patience Fisher,5/3/1987,Tennessee,12/31/2009,consequatur,eveniet,at,248
South Lacey,Mrs. Olin Kozey,4/22/1995,Texas,9/9/2005,ab,similique,non,249
Assuntahaven,Emerald McKenzie,11/13/2014,Louisiana,7/24/1987,error,occaecati,dolorum,250
Pagacmouth,Mylene Oberbrunner,4/18/1999,Kansas,2/14/1984,et,reiciendis,dolorem,251
Mohammedberg,D'angelo Leffler,10/28/1990,Michigan,12/25/1994,dolores,accusamus,in,252
Hodkiewiczport,Anibal Ondricka,7/17/1991,Iowa,9/11/1995,dolorem,rem,vitae,253
Cristburgh,Blaze Huel II,3/8/1986,Rhode Island,6/17/1995,sequi,cupiditate,a,254
South Elisa,Chyna Prohaska,1/7/1983,Rhode Island,10/3/2013,minima,voluptate,et,255
Perryfort,Marisol Hoeger,8/25/2010,Maine,11/19/1983,placeat,esse,tempore,256
Kuphalbury,Helen Cartwright,6/10/2013,Nevada,3/30/2011,id,numquam,asperiores,257
Catalinamouth,Zackary Doyle,8/12/1995,Utah,8/30/2005,voluptates,quo,numquam,258
Gloverbury,Bridgette Schamberger,3/13/2000,Colorado,2/16/1995,quia,sint,enim,259
Greenfelderburgh,Carissa Altenwerth,10/15/1981,Ohio,7/5/1982,cum,aut,cupiditate,260
Kunzeville,Mina Hintz,6/11/1998,South Dakota,10/10/2015,aut,velit,omnis,261
Lake Jodie,Marian Tillman,10/8/2013,New Mexico,9/11/1991,ut,officia,laboriosam,262
New Florida,Bertrand Bins IV,10/4/1981,Wyoming,7/3/2003,aliquam,quis,dolorum,263
Port Neva,Dawn Strosin III,7/9/2011,Maryland,6/18/1990,quos,rerum,temporibus,264
New Horace,Dr. Kennith Corkery,12/3/2013,South Carolina,8/7/2010,necessitatibus,laudantium,eum,265
East Alveraview,Granville Bechtelar,12/4/1996,Maryland,12/20/2003,ducimus,est,numquam,266
North Martinabury,Nina Pfeffer,2/9/2015,Kansas,7/1/2008,possimus,placeat,hic,267
New Rosie,Mona Kshlerin I,10/4/2012,Rhode Island,11/29/1993,magnam,aperiam,et,268
New Sallymouth,Andy O'Reilly,12/2/1987,New Mexico,8/24/2000,et,sint,modi,269
Cummingsmouth,Marty Volkman,1/24/2008,Texas,4/28/2010,consectetur,dolorem,qui,270
West Stan,Jody Gerhold,9/9/1994,California,3/24/1998,omnis,velit,voluptatem,271
Doyleton,Lucius Gaylord,7/24/1992,Texas,4/2/1997,minima,tempore,facere,272
South Jarredbury,Russell Gibson,9/8/2000,Nevada,1/8/2015,dolorum,accusantium,culpa,273
Wendellfort,Colten Bernhard,6/23/1992,Maine,11/24/2015,illo,quibusdam,sit,274
Emmerichbury,Kristian Prosacco IV,12/3/1999,Idaho,4/19/1992,accusantium,labore,est,275
Lake Dedric,Fabiola Lehner,11/10/1995,Idaho,5/26/1984,aut,inventore,quas,276
Creminton,Al Osinski,4/25/2001,Tennessee,12/14/2008,impedit,sint,voluptatem,277
Schultzmouth,Miss Louvenia Jerde,7/25/2009,Louisiana,9/29/2013,voluptatum,at,omnis,278
Shirleyton,Vivien Thiel,10/14/1988,Tennessee,9/12/1996,id,est,nam,279
Kilbacktown,Keegan Schroeder,1/23/1980,Wisconsin,6/29/2005,perspiciatis,iure,vel,280
Babyside,Loy Thiel,1/29/1980,New Hampshire,8/8/2013,nulla,aut,odio,281
Victoriamouth,Mr. Chet Bauch,11/10/1987,Utah,3/21/1999,ratione,rerum,in,282
Soniamouth,Tomas Rice,4/3/1995,Utah,8/24/2008,molestias,sunt,et,283
Lake Thaddeus,Miss Abigayle O'Connell,4/11/2012,Tennessee,4/4/2015,sed,voluptatem,aperiam,284
Port Zellaside,Oma Gerhold,5/12/1986,Maine,12/3/1994,veniam,possimus,delectus,285
Kertzmannborough,Dr. Grace Corkery,5/25/2014,Louisiana,4/10/2014,et,porro,id,286
New Tiaton,Giles Streich,4/21/1995,North Dakota,3/30/1986,est,alias,et,287
Daughertyborough,Fern McDermott,10/14/2006,California,7/29/2013,et,enim,tenetur,288
Jovanbury,Ms. Celia Oberbrunner,5/13/1995,Illinois,9/1/1994,qui,voluptas,officiis,289
Juliaport,Lue D'Amore,10/12/2004,Virginia,10/6/1993,et,laborum,voluptatem,290
North Audiemouth,Wilbert Cummerata,8/20/2011,Delaware,4/28/1992,voluptatum,sunt,laboriosam,291
Kingview,Ethelyn Dickinson,2/18/1998,Hawaii,10/29/1992,hic,consequatur,vel,292
Haliemouth,Mr. Elaina Bergnaum,4/30/1991,Idaho,4/1/2010,autem,aut,fuga,293
Ernaton,Oran Predovic,12/14/1984,Colorado,6/27/2004,sint,nesciunt,dolores,294
Cassinfort,Lisa Wolf,9/30/1982,Massachusetts,2/18/1997,libero,cumque,dolores,295
North Dayana,Lucius Stanton,1/29/2000,Florida,4/22/1992,eum,est,accusantium,296
Kellyfurt,Stephon Lemke,7/16/1993,Iowa,5/26/2013,est,autem,praesentium,297
South Nashshire,Libbie Price,11/9/1987,Colorado,5/14/1988,soluta,error,ad,298
Santinafort,Samara Kutch,1/8/1986,Tennessee,6/29/1981,aperiam,iste,vitae,299
North Ellen,Winona Roberts,11/21/2015,Oklahoma,3/13/1981,est,similique,eos,300
South Tyrelfurt,Mr. Martin Jaskolski,12/23/1997,Florida,2/25/1984,quia,quae,eos,301
Elvishaven,Dr. Dasia Braun,6/9/1987,Alaska,9/8/2004,tempore,voluptas,earum,302
Schillertown,Keagan Barton,7/13/2006,Minnesota,9/10/1993,facere,et,iusto,303
Hammesfurt,Amya Willms,3/25/1992,Hawaii,10/29/1987,soluta,eos,nostrum,304
Hiltonborough,Juana Harvey,6/4/1980,Oklahoma,5/20/2005,nobis,voluptatem,quos,305
Dareburgh,Jaiden Gleason,5/29/2002,Colorado,6/19/2013,ea,mollitia,omnis,306
West Robertamouth,Josie Kovacek,3/18/1994,Utah,2/21/1982,accusamus,praesentium,nulla,307
Herzogside,Stanford Hodkiewicz,5/15/1990,Idaho,9/13/1987,labore,rerum,est,308
New Kiarra,Cassandra Monahan,12/7/1988,Oregon,5/27/2007,non,tenetur,vel,309
Port Leonor,Dr. Rosendo Paucek,4/22/1990,Nevada,3/25/1996,ullam,consequuntur,debitis,310
East Shanaburgh,Katharina Grady,12/23/1990,West Virginia,7/16/2012,consequatur,temporibus,ipsa,311
Lyricmouth,Mr. Lawson Turcotte,2/20/2001,Arkansas,10/15/1980,sequi,magni,autem,312
Jamesonborough,Marlen Hyatt,2/4/1992,Louisiana,6/14/1996,illo,qui,in,313
Lake Breanabury,Mavis Schultz MD,5/17/2012,Louisiana,5/10/2015,porro,deserunt,exercitationem,314
East Adella,Lesley Orn,11/26/1995,Arizona,6/22/2004,nobis,consequuntur,veniam,315
Felipefort,Jewel Carroll,12/29/1996,Florida,3/10/1994,totam,et,explicabo,316
South Dwightville,Jazmyn Grady,9/4/2000,Illinois,9/8/1983,ipsam,deserunt,est,317
Kiehnhaven,Mittie Beatty,7/15/1982,Utah,5/10/2009,vitae,maxime,quos,318
Strosinview,Kraig Shanahan,10/24/1989,Florida,10/19/1989,autem,et,explicabo,319
Mertztown,Dr. Keira Schamberger,4/19/1985,Massachusetts,3/24/2003,quis,commodi,provident,320
Robertoburgh,Mrs. Lourdes Bartoletti,5/4/2001,New Hampshire,11/21/1993,et,molestias,tempora,321
Fayemouth,Lucio Schultz DVM,10/14/1993,South Dakota,4/11/1981,quae,ea,qui,322
Lake Cristalborough,Vita Nader,9/14/1995,Missouri,2/26/1984,quos,illum,velit,323
Port Keenanchester,Sienna Pouros,10/12/1982,Maryland,2/11/2000,id,sit,velit,324
Hellerberg,Horace Hudson,5/1/1999,Florida,3/5/1992,atque,quia,adipisci,325
Beattyland,Clement Ritchie,1/31/1980,North Dakota,12/28/2011,eligendi,aut,sint,326
Pfannerstilltown,Ruth Kassulke PhD,4/7/1982,Colorado,7/19/1996,sed,quia,quidem,327
West Pascale,Johnnie Blick I,4/2/1988,Arizona,1/7/1985,assumenda,laborum,voluptatibus,328
Connberg,Bernard Schiller II,10/4/2009,West Virginia,12/30/2006,officiis,ad,voluptas,329
Lake Aurelia,Lyric Bosco,11/26/1992,Oregon,1/27/1981,qui,eos,similique,330
North Gabeburgh,Modesto Lebsack,2/17/1980,Connecticut,7/17/1988,dolores,et,labore,331
South Raquel,Dewitt Carroll,12/8/1999,Arkansas,10/8/1993,laborum,voluptatem,qui,332
Macyport,Issac Dietrich,6/12/2010,Kansas,9/5/1997,earum,aperiam,nihil,333
East Wilson,Ernesto Jerde,7/29/1984,Washington,5/28/1989,soluta,et,eos,334
New Alana,Dr. Keshaun Emard,6/4/2012,South Carolina,11/28/2012,quo,voluptatem,qui,335
South Lewmouth,Vladimir Boehm DVM,6/28/2001,Massachusetts,9/10/1992,qui,quos,dolores,336
Torpfurt,Vivianne Gorczany,11/23/1997,Tennessee,2/24/1980,laboriosam,non,aliquid,337
Sallyberg,Valentine Torp,4/13/1995,Hawaii,6/18/2003,voluptatem,rerum,aspernatur,338
Port Nakiafort,Jovani Hudson,4/10/2007,Ohio,11/25/1994,qui,ipsam,tempora,339
Orphashire,Mrs. Madie Rau,7/23/1989,Alabama,5/18/2011,a,recusandae,rerum,340
East Leonelchester,Marquise Mayert,2/20/1996,Delaware,12/27/1998,dolore,illo,explicabo,341
Boehmland,Loyal Prosacco,9/23/1987,Connecticut,9/20/1982,et,ea,sit,342
South Obie,Arvilla Bailey DVM,7/4/1999,Indiana,4/30/1998,aut,eos,voluptas,343
Jaedenview,Shaina Hilpert,3/29/1984,Ohio,6/16/1994,quia,delectus,rerum,344
Howellton,Francisca Conn DVM,11/1/2012,South Dakota,1/23/1991,earum,quasi,voluptatem,345
South Fanniechester,Eino Gleason,5/14/2007,Utah,3/30/2000,omnis,esse,perspiciatis,346
Lake Julius,Brayan Macejkovic,7/26/2003,Mississippi,8/5/2002,autem,sint,ipsam,347
Litzychester,Macey Wisoky,9/28/1983,Minnesota,9/8/2001,et,laborum,culpa,348
Preciousville,Felipe Maggio,10/29/1995,Iowa,10/14/1992,praesentium,hic,id,349
South Nya,Marge Kling,11/28/2007,Alabama,1/8/1985,illo,expedita,iste,350
Ornland,Camilla Deckow,3/15/2000,Florida,10/12/2012,ducimus,assumenda,aut,351
Brianaburgh,Isaias Romaguera,3/20/2010,Louisiana,12/30/2003,qui,quia,rerum,352
Janaland,Amely Rempel,6/22/1998,Nevada,1/13/2009,placeat,exercitationem,qui,353
Douglasport,Jesse Braun,10/10/1988,North Dakota,8/8/1991,rerum,veniam,autem,354
Hahnchester,Wallace Rempel II,4/16/1991,Iowa,11/10/1991,rerum,dolor,et,355
West Pinkbury,Jazmin Mueller,9/26/1992,West Virginia,11/17/2006,consequuntur,alias,ut,356
Predovictown,Jacynthe Hermann,10/19/2003,South Carolina,6/20/2005,odio,adipisci,soluta,357
Lake Zechariahport,Zion Jewess Jr.,7/17/2010,Florida,6/17/2001,ipsa,velit,soluta,358
North Josianne,Linnea Beatty,4/18/2010,California,9/19/1981,cumque,non,fuga,359
East Werner,Mohamed Bruen PhD,1/18/2007,Kansas,9/21/2006,impedit,quia,est,360
Sigridburgh,Jaycee Sawayn,1/2/1984,Michigan,5/29/2008,est,quibusdam,eos,361
Janetport,Danyka Will,3/30/2004,Alaska,9/15/1996,ut,qui,et,362
South Amira,Eden Quitzon,11/30/2010,Idaho,4/5/2002,eum,sit,consectetur,363
Krishaven,Opal Weissnat,1/9/2006,Colorado,7/18/1995,rem,sit,labore,364
Lincolnside,Mabelle Ankunding,10/9/1999,Idaho,6/12/2000,sed,aut,asperiores,365
Wilsonland,Jarred Schuster Sr.,10/30/1990,Nebraska,6/3/2005,ut,reprehenderit,rerum,366
North Edwardbury,Erica Olson,3/1/1994,Connecticut,9/25/2003,beatae,eveniet,iure,367
Harªannton,Verda Heidenreich,6/6/1992,Kentucky,4/15/2004,quam,voluptatem,laborum,368
Port Nyah,Alana Goldner,1/29/2012,North Carolina,2/16/1980,id,autem,voluptas,369
Brantborough,Mrs. Creola Legros,5/22/2008,Maryland,7/1/1992,ab,vitae,a,370
Lake Hildegard,Belle Wilderman,1/21/2011,New York,5/30/2004,assumenda,est,ipsum,371
Kertzmannfurt,Petra Wisozk,9/17/1990,Idaho,12/26/1997,enim,cumque,quia,372
Torpside,Pasquale Heathcote,6/12/2014,Michigan,4/17/1982,ea,qui,aspernatur,373
Kihntown,Ms. Aurore Hirthe,12/23/2012,Colorado,5/31/1982,ratione,dolorem,tempora,374
New Oscarshire,Ms. Vinnie Marquardt,11/8/1998,Nebraska,7/21/1998,dignissimos,officiis,quo,375
Port Ottisview,Beulah Ullrich,8/24/2003,Oklahoma,12/13/1992,neque,corrupti,a,376
South Addietown,Harmony Bayer,12/27/2004,Arkansas,1/19/2009,quasi,similique,dolor,377
New Marge,Dedrick Prohaska,3/12/1986,Wyoming,3/10/1993,eos,nobis,et,378
East Norma,Asia Osinski Sr.,5/20/2001,Texas,11/11/2013,magnam,omnis,nesciunt,379
Lake Amani,Cody Bergstrom,10/17/1994,Arizona,5/20/2003,ut,maxime,eum,380
Kingmouth,Bernice Volkman,1/16/1998,Arkansas,10/20/1987,aliquid,odit,quis,381
West Dominic,Ms. Mohammad Schuppe,1/10/2009,Vermont,3/7/1980,temporibus,quo,tenetur,382
New Mabel,Matteo Turner,8/21/1994,Missouri,6/25/2013,quibusdam,aspernatur,ut,383
Grimesmouth,Sister Schuppe,9/17/1981,Hawaii,11/10/1980,sequi,quo,rerum,384
East Will,Jake Walker,1/13/1980,Idaho,2/4/2015,dolores,quos,velit,385
Lake Claudside,Maxie Barton,4/5/1984,Illinois,2/1/1994,labore,ut,quaerat,386
Keeblermouth,Dr. Carolina Corwin,1/23/1999,Arizona,11/3/1993,consequatur,ratione,est,387
East Emile,Carmel Bins,1/2/1981,Utah,4/18/1984,maxime,aliquam,sapiente,388
Colemanchester,Florencio Carter,1/25/2002,New Jersey,7/19/1981,occaecati,ducimus,fugit,389
Kellenville,Titus Ernser,2/11/2002,Oregon,9/16/2009,ab,tempore,amet,390
O'Connermouth,Mr. Eliseo Hermann,3/18/2005,Louisiana,5/2/1984,sed,nam,nulla,391
Erynfort,Maurice Cassin,8/20/1983,Iowa,12/27/1989,reprehenderit,ut,vel,392
New Dolores,Trisha Bruen,3/21/1989,Illinois,6/25/1991,facere,ducimus,et,393
Autumnfort,Clifton Jacobson,2/23/2002,Idaho,5/19/2001,voluptatem,et,reprehenderit,394
Roobside,Troy Ebert,10/17/2015,Missouri,2/8/2013,voluptas,fugit,accusamus,395
New Brycenshire,Mr. Ransom Ullrich,10/6/1983,Georgia,6/8/2006,accusamus,adipisci,magnam,396
Lake Cierraville,Judson Lebsack,2/27/1987,New Jersey,6/27/1992,qui,quis,ut,397
Ondrickastad,Eden Bergnaum,3/11/2005,Texas,4/12/1991,nihil,illum,iste,398
West Edward,Donnell Haag II,5/26/1981,Michigan,7/2/1986,distinctio,cum,molestiae,399
Marisaport,Maryam Johnston MD,3/17/1982,Wyoming,2/21/2007,et,maiores,quia,400
Berneiceshire,Ayden Pagac,5/6/1995,Massachusetts,6/13/1995,doloribus,iure,esse,401
West Serena,Leda Brakus,12/28/2010,Wisconsin,1/16/1997,sed,minus,quia,402
Candidaside,Durward Mraz,11/20/2004,Minnesota,1/28/1988,harum,vel,id,403
Gutkowskifort,Geovany Dicki,12/19/1980,North Dakota,3/3/2006,qui,odio,quasi,404
O'Connellburgh,Immanuel Robel,4/24/1986,Florida,4/3/1997,quaerat,ut,nesciunt,405
Stiedemannmouth,Dixie Cole,12/15/1983,Alabama,9/30/2004,sunt,sint,sapiente,406
Claudiefurt,Braeden Torphy,6/4/2008,Mississippi,10/8/1983,illum,officiis,enim,407
East Fidel,Christine Christiansen,10/17/1991,Hawaii,11/12/1988,asperiores,numquam,expedita,408
Port Cathy,Heidi Weimann,2/26/2009,Idaho,12/31/2008,recusandae,dicta,repudiandae,409
West Nicoleburgh,Asha Davis,2/12/1999,West Virginia,12/5/2007,nihil,quod,a,410
Lisandrohaven,Sheridan Koepp,5/7/1993,Nevada,6/28/1983,aut,repellendus,ut,411
Lake Reginaldhaven,Skye Lubowitz,3/24/2005,New York,1/18/1990,et,ut,fugit,412
New Danside,Lorine Baumbach,2/11/1984,Wyoming,5/18/1998,numquam,minus,et,413
West Elissabury,Hermann Jaskolski,9/4/1987,Connecticut,9/24/1986,recusandae,nihil,exercitationem,414
East Sabrina,Keaton Haag,12/23/2010,Vermont,1/7/1988,ab,est,ipsa,415
Friesenshire,Thad Larson,4/28/1997,Maine,9/5/1992,quia,natus,consequatur,416
Port Edward,Ms. Betty Mitchell,11/5/2006,Nebraska,2/4/2011,atque,non,omnis,417
East Marguerite,Roberta Klein,1/26/1980,Hawaii,1/20/2006,nulla,veritatis,quibusdam,418
Beerview,Violette Harber,12/25/1980,Minnesota,3/12/2013,est,veritatis,non,419
Port Kelvinmouth,Milan Littel,4/27/2010,Illinois,9/6/2010,quasi,ad,magni,420
North Yessenia,Frances Hane,3/19/2002,North Dakota,11/17/1984,molestiae,unde,totam,421
Port Pollyfurt,Darron Gerhold III,3/5/2007,Kansas,11/4/2003,quaerat,voluptatem,doloribus,422
South Tara,Ana Streich,4/12/1983,Ohio,12/23/1995,culpa,rerum,facilis,423
South Santa,Roger Wolf,2/23/1992,Texas,7/28/2006,consequatur,non,qui,424
North Orantown,Ashton Bauch,2/6/1981,Vermont,3/16/1983,possimus,adipisci,consequatur,425
West Karina,Jimmie Dietrich Jr.,7/26/1986,Mississippi,12/20/2005,blanditiis,a,ducimus,426
West Norene,Marge Kutch DVM,11/20/1981,Washington,12/25/1999,blanditiis,eius,odit,427
New Lenna,Zander Satterfield,11/23/2011,Indiana,2/25/1994,ut,quos,facere,428
South Raleighport,Carlo Dooley,3/25/1985,New York,3/28/2013,ipsa,sunt,doloremque,429
Willowborough,Mrs. Polly Flatley,11/6/1983,Maryland,8/25/2009,et,officia,unde,430
West Katharina,Mandy O'Hara,12/30/2002,Georgia,5/26/1983,consectetur,omnis,sed,431
Brandoberg,Ramon Johns,11/20/1996,Delaware,7/2/1980,facere,id,eos,432
Coltenburgh,Kyle Bednar,2/14/2003,Michigan,7/14/1998,est,odio,modi,433
West Bill,Jaren Johnston,8/23/2002,Wyoming,5/29/1997,nemo,qui,et,434
West Earl,Ransom Haag,9/24/1987,Georgia,9/11/1993,veritatis,sint,labore,435
Mayershire,Francesco Kreiger,3/16/1983,West Virginia,9/9/2002,eius,commodi,voluptatem,436
Lake Carol,Darren Cronin,10/16/1980,Minnesota,7/19/2002,repellat,laborum,dolore,437
Trantowside,Cade Block,12/6/1984,New Hampshire,2/22/2006,nisi,vel,cupiditate,438
Bulahville,Lorenzo Ledner,7/19/1994,New York,12/14/1997,soluta,quo,quia,439
Karlland,Abbigail Wolf V,12/9/2004,Colorado,7/13/2000,qui,laboriosam,velit,440
West Arlenestad,Johann Veum,3/28/1994,South Dakota,8/25/1984,repellat,id,consequuntur,441
Reillyside,Miss Kacey Tillman,2/22/2011,Illinois,5/11/2002,et,vel,tenetur,442
West Dedrickview,Laura Bergstrom,12/1/2000,North Carolina,2/13/2000,veritatis,consequatur,laboriosam,443
West Stuartville,Alanna Metz MD,6/26/1996,California,11/25/1992,assumenda,dolores,voluptatem,444
North Miguel,Dr. Jaida Wolf,9/18/2001,Colorado,6/24/1981,in,enim,dicta,445
Favianmouth,Mrs. Leonora Bartoletti,12/22/1999,Montana,3/24/2015,sed,in,consequatur,446
North Arlie,Ms. Ashtyn Leffler,6/19/1990,West Virginia,7/10/2003,nihil,labore,laboriosam,447
Steuberside,Madilyn Russel,9/2/2015,Rhode Island,10/1/1986,non,sunt,aperiam,448
Caitlynburgh,Lloyd Douglas,11/17/2009,New Jersey,7/26/1983,voluptas,nulla,autem,449
New Ahmadview,Wyman Conn,8/9/2013,South Carolina,4/1/1993,et,et,earum,450
New Olgaport,Ethel Walter Sr.,2/21/1980,New Jersey,1/20/1990,voluptas,qui,vel,451
Destineebury,Isaac Heidenreich,2/5/2011,Iowa,2/3/2011,est,vitae,sed,452
Yostberg,Aiden Murray Jr.,1/9/2015,Wyoming,11/17/1987,et,repellat,officiis,453
New Rachel,Lionel Hoppe,4/8/1995,Arkansas,8/12/2010,quibusdam,sit,qui,454
Eichmannberg,Destiny Bashirian,8/4/1999,Ohio,12/22/2009,laborum,placeat,molestiae,455
West Ellie,Elsie Schulist,11/11/1994,New Jersey,3/10/1986,eveniet,vitae,ab,456
Jacinthehaven,Clifton Mohr I,7/26/1993,Indiana,2/12/1986,praesentium,delectus,quia,457
North Claud,Aleen Weissnat,5/13/2010,Ohio,1/18/1996,quia,voluptatem,impedit,458
Mateotown,Ms. Osvaldo Lemke,3/2/2009,New York,10/26/2008,architecto,officiis,omnis,459
Ivaland,Cyril Shanahan,8/7/2013,Arizona,9/7/2010,ratione,est,quasi,460
East Chandlershire,Jairo Bruen,12/5/2014,Georgia,10/25/1984,repellat,ipsa,voluptates,461
Huelstown,Modesta Medhurst,5/7/1986,Missouri,8/27/2011,doloremque,modi,omnis,462
Tabithahaven,Antonina Watsica,6/12/2000,New York,8/16/1996,molestiae,placeat,commodi,463
Mannview,Domenick Erdman MD,8/21/2005,Hawaii,1/3/1989,incidunt,et,velit,464
South Tito,Sid Hyatt,9/17/1984,Texas,11/30/1990,sint,quisquam,aut,465
Lake Nelson,Jayme Heidenreich,10/23/1983,Louisiana,10/22/1999,eligendi,quisquam,impedit,466
North Royal,Ms. Aubrey Lakin,5/10/2000,Alabama,10/25/2002,sint,repellat,veritatis,467
O'Connerside,Floy Cole,3/6/1995,New Hampshire,3/23/2000,eaque,nulla,consequatur,468
East Tracey,Dariana Kuhic,11/10/2013,Arizona,4/20/2012,fugiat,eum,provident,469
North Johathanfurt,Weldon Konopelski,2/22/1990,New Jersey,7/5/1996,omnis,cumque,quos,470
Schuylerhaven,Tatum Grimes MD,10/23/1994,Oregon,6/20/2014,dolorem,dolores,enim,471
Lake Nashshire,Hugh Murray,2/6/1980,Vermont,11/15/1988,dignissimos,et,voluptas,472
Port Carolmouth,Zetta Graham,9/9/2002,Connecticut,6/1/1998,odit,voluptatum,expedita,473
Shanonchester,Rosalia Thompson,2/19/2009,New York,3/29/2011,commodi,ipsum,illo,474
North Agustina,Candida Thiel,1/26/2015,Maryland,12/29/1985,illo,quos,at,475
Sisterburgh,London Leffler,11/20/2008,Virginia,10/22/1990,ipsa,et,aut,476
North Olaf,Ms. Madeline Buckridge,11/6/1996,Florida,1/14/1981,optio,quae,aut,477
Lucianoside,Aracely Stoltenberg,7/20/1985,Maine,4/12/1998,dolor,suscipit,autem,478
Lindville,Rosina Walter II,2/27/1994,Mississippi,2/16/2001,rerum,numquam,modi,479
Lake Coby,Laney Nikolaus,1/23/2013,Maryland,2/22/1982,recusandae,at,perspiciatis,480
West Clyde,Kenyon Schaden Jr.,5/9/1986,North Carolina,1/5/1985,veniam,sunt,harum,481
Jaunitamouth,Dr. Samir Guªann,5/6/1983,New Hampshire,10/5/1993,porro,sit,nam,482
South Magnus,Florian Kovacek,10/30/1980,South Carolina,1/14/1997,ipsum,qui,facilis,483
Valeriebury,Norris Borer,1/1/2015,Nebraska,8/13/1998,consequatur,voluptate,unde,484
Haleyside,Rosario Dickens,8/31/1998,Oregon,7/15/1982,possimus,repellat,suscipit,485
New Flavietown,Stefanie Weimann,1/28/2009,Virginia,10/17/2014,maiores,aut,at,486
East Markus,Ruthie Connelly,10/19/1985,North Dakota,5/8/1987,et,porro,dolores,487
Geoffreychester,Reymundo Hyatt,5/4/2000,Virginia,5/26/2012,porro,veritatis,omnis,488
West Adolf,Domenic Ebert,8/31/2012,Idaho,2/7/2004,amet,dignissimos,quia,489
New Breannefurt,Brisa Prohaska,7/7/1991,Vermont,8/14/2006,eos,aliquid,quia,490
Lake Leola,Savanah Stracke,10/29/1981,Connecticut,8/14/2011,repudiandae,error,consequatur,491
Bashirianport,Rick Eichmann,12/1/1998,Maine,3/14/2016,hic,voluptatem,eum,492
Donnellymouth,Mr. Garnett Goldner,7/24/1992,Arkansas,3/27/1998,minima,sunt,pariatur,493
West Edwinabury,Delia Beatty,6/23/1981,New York,5/27/2003,soluta,earum,voluptas,494
Blairville,Carlotta Prohaska,12/25/2011,Nebraska,12/11/2004,unde,fugiat,necessitatibus,495
New Lavern,Mr. Tessie Erdman,8/23/1994,Kansas,9/28/1998,doloremque,nemo,porro,496
New Tina,Nathan Stracke,9/15/1993,Arkansas,8/6/2005,possimus,tenetur,autem,497
New Claraton,Frieda Carroll,2/16/1986,Maryland,3/19/2015,fugit,quasi,occaecati,498
Lake Ariton,Marilie Parisian,5/9/2006,Connecticut,4/19/2002,veritatis,harum,suscipit,499
